{"intents": [
        {"tag": "greeting",
         "patterns": ["Hi there", "Is anyone there?","Hey","Hola", "Hello", "Good day"],
         "responses": ["Hello, thanks for asking", "Good to see you again", "Hi there, how can I help?"],
         "context": [""]
        },
        {"tag": "goodbye",
         "patterns": ["Bye", "See you later", "Goodbye", "Nice chatting to you, bye", "Till next time"],
         "responses": ["See you!", "Have a nice day", "Bye! Come back again soon."],
         "context": [""]
        },
        {"tag": "thanks",
         "patterns": ["Thanks", "Thank you", "That's helpful", "Awesome, thanks", "Thanks for helping me"],
         "responses": ["Happy to help!", "Any time!", "My pleasure"],
         "context": [""]
        },
        {"tag": "noanswer",
         "patterns": [],
         "responses": ["Sorry, can't understand you", "Please give me more info", "Not sure I understand"],
         "context": [""]
        },
        {"tag": "options",
         "patterns": ["How you could help me?", "What you can do?", "What help you provide?", "How you can be helpful?", "What support is offered"],
         "responses": ["I can guide you through Adverse drug reaction list, Blood pressure tracking, Hospitals and Pharmacies", "Offering support for Adverse drug reaction, Blood pressure, Hospitals and Pharmacies"],
         "context": [""]
        },
        
        {"tag": "chill",
         "patterns": ["How are you", "hey whats up", "how are you doing", "whats up"],
         "responses": ["I am Fine, what about you?", "I am Good, How are you?"],
         "context": [""]
        },
        {"tag": "facts",
         "patterns": ["what is your age", "how tall you are", "how old you are"],
         "responses": ["I am a bot, Dont ask silly questions like this : )", "*_* Dont Troll me"],
         "context": [""]
        },
        {"tag": "identity",
         "patterns": ["Who are you", "who created you", "what can you do"],
         "responses": ["I am a ChatBot, you can ask me what every things you want to say/share"],
         "context": [""]
        },
        {"tag": "capital",
         "patterns": ["what is the capital of"],
         "responses": ["You can Find Capital of Countries here - https://www.worlddata.info/capital-cities.php"],
         "context": [""]
        },
        {"tag": "Location",
         "patterns": ["Where do you stay","where is your home","Where do you live"],
         "responses": ["I am inside your Computer"],
         "context": [""]
        },
        {"tag": "Joke",
         "patterns": ["Tell me a Joke"],
         "responses": ["What is a little bear with no teeth is called?-A gummy bear.","What's an alligator in a vest called?-An investi-gator."],
         "context": [""]
        }

   ]
}
